k,added,cv_f1
1,X4,0.7095438179648706
2,X2,0.6862745098039216
3,X3,0.6778711484593837
4,X6,0.6537572772055531
5,X1,0.6388115101435458
6,X5,0.6260714285714285
