feature,perm_importance_mean,perm_importance_std
X1,0.2609375,0.07413235102672787
X5,0.0640625,0.03347544575879461
X2,0.0140625,0.02514605771786107
